{"train loss": 0.48336994647979736, "valid loss": 0.44613251090049744, "reconstruction loss": 4.118179798126221, "train accuracy": 0.87282, "valid accuracy": 0.8845, "weight moving 0": 0.007703027222305536, "weight moving 1": 0.03926009312272072, "weight moving 2": 0.17494365572929382, "weight moving 3": 0.32322925329208374, "condition 1": 3.7308513687965563, "condition 2": 6.976458959759406, "target error": 21.409330368041992, "time": 178.41386318206787, "_runtime": 18299, "_timestamp": 1639666866, "_step": 81}