{"train loss": 1.9125527143478394, "valid loss": 1.906516432762146, "reconstruction loss": 0.03235906735062599, "train accuracy": 0.53232, "valid accuracy": 0.5454, "weight moving 0": 0.004038981162011623, "weight moving 1": 0.02349756844341755, "weight moving 2": 0.10442664474248886, "weight moving 3": 0.10859949886798859, "condition 1": 1.0639739735538223, "condition 2": 1.3231897952456126, "target error": 1.0742099285125732, "time": 163.3433198928833, "_runtime": 1966, "_timestamp": 1639563495, "_step": 5}